,word,count,length,code
0,fire,18.0,4,5.xx.xxx
1,permit,17.0,6,5.xx.xxx
2,safety,14.0,6,5.xx.xxx
3,required,13.0,8,5.xx.xxx
4,escape,12.0,6,5.xx.xxx
5,emergency,12.0,9,5.xx.xxx
6,beer,12.0,4,5.xx.xxx
7,supplier,11.0,8,5.xx.xxx
8,homemade,9.0,8,5.xx.xxx
9,transfer,9.0,8,5.xx.xxx
10,electrical,8.0,10,5.xx.xxx
11,wholesaler,7.0,10,5.xx.xxx
12,sign,7.0,4,5.xx.xxx
13,require,5.0,7,5.xx.xxx
14,sewage,5.0,6,5.xx.xxx
15,sales,5.0,5,5.xx.xxx
16,sale,5.0,4,5.xx.xxx
17,protection,4.0,10,5.xx.xxx
18,signs,4.0,5,5.xx.xxx
19,vendor,4.0,6,5.xx.xxx
20,wholesale,4.0,9,5.xx.xxx
21,smoke,4.0,5,5.xx.xxx
22,certificate,4.0,11,5.xx.xxx
23,compliance,4.0,10,5.xx.xxx
24,consent,3.0,7,5.xx.xxx
25,facilities,3.0,10,5.xx.xxx
26,illegal,3.0,7,5.xx.xxx
27,requirements,3.0,12,5.xx.xxx
28,failure,3.0,7,5.xx.xxx
29,violations,3.0,10,5.xx.xxx
30,written,3.0,7,5.xx.xxx
31,bond,3.0,4,5.xx.xxx
32,only,2.0,4,5.xx.xxx
33,fixtures,2.0,8,5.xx.xxx
34,flavored,2.0,8,5.xx.xxx
35,notice,2.0,6,5.xx.xxx
36,install,2.0,7,5.xx.xxx
37,landlord,2.0,8,5.xx.xxx
38,motel,2.0,5,5.xx.xxx
39,ground,2.0,6,5.xx.xxx
40,minors,2.0,6,5.xx.xxx
41,manufacturer,2.0,12,5.xx.xxx
42,zoning,2.0,6,5.xx.xxx
43,hotel,2.0,5,5.xx.xxx
44,lighting,2.0,8,5.xx.xxx
45,name,2.0,4,5.xx.xxx
46,displayed,2.0,9,5.xx.xxx
47,exterior,2.0,8,5.xx.xxx
48,(doors),2.0,7,5.xx.xxx
49,(height),2.0,8,5.xx.xxx
50,(op),2.0,4,5.xx.xxx
51,(opening),2.0,9,5.xx.xxx
52,(width),2.0,7,5.xx.xxx
53,abandoned,2.0,9,5.xx.xxx
54,address,2.0,7,5.xx.xxx
55,agreement,2.0,9,5.xx.xxx
56,building,2.0,8,5.xx.xxx
57,equipment,2.0,9,5.xx.xxx
58,buildings,2.0,9,5.xx.xxx
59,business,2.0,8,5.xx.xxx
60,cannot,2.0,6,5.xx.xxx
61,cert,2.0,4,5.xx.xxx
62,coerce,2.0,6,5.xx.xxx
63,connect,2.0,7,5.xx.xxx
64,delay,2.0,5,5.xx.xxx
65,delivery,2.0,8,5.xx.xxx
66,detector,2.0,8,5.xx.xxx
67,detectors,2.0,9,5.xx.xxx
68,dilapidated,2.0,11,5.xx.xxx
69,doors,2.0,5,5.xx.xxx
70,egress,2.0,6,5.xx.xxx
71,past,2.0,4,5.xx.xxx
72,location,2.0,8,5.xx.xxx
73,suppler,2.0,7,5.xx.xxx
74,termination,2.0,11,5.xx.xxx
75,registration,2.0,12,5.xx.xxx
76,receptacles,2.0,11,5.xx.xxx
77,public,2.0,6,5.xx.xxx
78,unsafe,2.0,6,5.xx.xxx
79,runoff,2.0,6,5.xx.xxx
80,retail,2.0,6,5.xx.xxx
81,revoke,2.0,6,5.xx.xxx
82,under,2.0,5,5.xx.xxx
83,permitted,2.0,9,5.xx.xxx
84,permits,2.0,7,5.xx.xxx
85,without,2.0,7,5.xx.xxx
86,stream,1.0,6,5.xx.xxx
87,churches,1.0,8,5.xx.xxx
88,contest,1.0,7,5.xx.xxx
89,contents,1.0,8,5.xx.xxx
90,consumption,1.0,11,5.xx.xxx
91,statement,1.0,9,5.xx.xxx
92,connections,1.0,11,5.xx.xxx
93,compensation,1.0,12,5.xx.xxx
94,storage,1.0,7,5.xx.xxx
95,citizen,1.0,7,5.xx.xxx
96,city,1.0,4,5.xx.xxx
97,clerk,1.0,5,5.xx.xxx
98,stored,1.0,6,5.xx.xxx
99,conditions,1.0,10,5.xx.xxx
100,penalties,1.0,9,5.xx.xxx
101,contests,1.0,8,5.xx.xxx
102,contraband,1.0,10,5.xx.xxx
103,distance,1.0,8,5.xx.xxx
104,"dist,",1.0,5,5.xx.xxx
105,"sewer,",1.0,6,5.xx.xxx
106,display,1.0,7,5.xx.xxx
107,disp.,1.0,5,5.xx.xxx
108,discharge,1.0,9,5.xx.xxx
109,single,1.0,6,5.xx.xxx
110,site,1.0,4,5.xx.xxx
111,sports,1.0,6,5.xx.xxx
112,standard,1.0,8,5.xx.xxx
113,state,1.0,5,5.xx.xxx
114,days,1.0,4,5.xx.xxx
115,credit,1.0,6,5.xx.xxx
116,county,1.0,6,5.xx.xxx
117,surrender,1.0,9,5.xx.xxx
118,conviction,1.0,10,5.xx.xxx
119,businesses,1.0,10,5.xx.xxx
120,suspended,1.0,9,5.xx.xxx
121,cancelled,1.0,9,5.xx.xxx
122,unlawful,1.0,8,5.xx.xxx
123,advertising,1.0,11,5.xx.xxx
124,unreasonable,1.0,12,5.xx.xxx
125,action,1.0,6,5.xx.xxx
126,valid,1.0,5,5.xx.xxx
127,12-6,1.0,4,5.xx.xxx
128,waste,1.0,5,5.xx.xxx
129,water,1.0,5,5.xx.xxx
130,withhold,1.0,8,5.xx.xxx
131,within,1.0,6,5.xx.xxx
132,years,1.0,5,5.xx.xxx
133,units,1.0,5,5.xx.xxx
134,application,1.0,11,5.xx.xxx
135,approval,1.0,8,5.xx.xxx
136,threaten,1.0,8,5.xx.xxx
137,cancel,1.0,6,5.xx.xxx
138,documentation,1.0,13,5.xx.xxx
139,tank,1.0,4,5.xx.xxx
140,brand,1.0,5,5.xx.xxx
141,body,1.0,4,5.xx.xxx
142,between,1.0,7,5.xx.xxx
143,bedrooms,1.0,8,5.xx.xxx
144,unauthorized,1.0,12,5.xx.xxx
145,bankruptcy,1.0,10,5.xx.xxx
146,authority,1.0,9,5.xx.xxx
147,distributed,1.0,11,5.xx.xxx
148,seller,1.0,6,5.xx.xxx
149,sewer,1.0,5,5.xx.xxx
150,purchase,1.0,8,5.xx.xxx
151,months,1.0,6,5.xx.xxx
152,reconsideration,1.0,15,5.xx.xxx
153,minor,1.0,5,5.xx.xxx
154,memoranda,1.0,9,5.xx.xxx
155,manufacture,1.0,11,5.xx.xxx
156,maint.,1.0,6,5.xx.xxx
157,loitering,1.0,9,5.xx.xxx
158,locked,1.0,6,5.xx.xxx
159,line,1.0,4,5.xx.xxx
160,limits,1.0,6,5.xx.xxx
161,limit,1.0,5,5.xx.xxx
162,requires,1.0,8,5.xx.xxx
163,legal,1.0,5,5.xx.xxx
164,motions,1.0,7,5.xx.xxx
165,near,1.0,4,5.xx.xxx
166,labeling,1.0,8,5.xx.xxx
167,product,1.0,7,5.xx.xxx
168,ownership,1.0,9,5.xx.xxx
169,owners,1.0,6,5.xx.xxx
170,owner,1.0,5,5.xx.xxx
171,outdoor,1.0,7,5.xx.xxx
172,other,1.0,5,5.xx.xxx
173,operating,1.0,9,5.xx.xxx
174,onsale,1.0,6,5.xx.xxx
175,possession,1.0,10,5.xx.xxx
176,posted,1.0,6,5.xx.xxx
177,premise,1.0,7,5.xx.xxx
178,previous,1.0,8,5.xx.xxx
179,private,1.0,7,5.xx.xxx
180,obtain,1.0,6,5.xx.xxx
181,privilege,1.0,9,5.xx.xxx
182,resale,1.0,6,5.xx.xxx
183,keys,1.0,4,5.xx.xxx
184,serve,1.0,5,5.xx.xxx
185,revocation,1.0,10,5.xx.xxx
186,rider,1.0,5,5.xx.xxx
187,financial,1.0,9,5.xx.xxx
188,felony,1.0,6,5.xx.xxx
189,fees,1.0,4,5.xx.xxx
190,false,1.0,5,5.xx.xxx
191,room,1.0,4,5.xx.xxx
192,same,1.0,4,5.xx.xxx
193,exhibition,1.0,10,5.xx.xxx
194,excess,1.0,6,5.xx.xxx
195,exceed,1.0,6,5.xx.xxx
196,"schools,",1.0,8,5.xx.xxx
197,"sell,",1.0,5,5.xx.xxx
198,employee,1.0,8,5.xx.xxx
199,payment,1.0,7,5.xx.xxx
200,septic,1.0,6,5.xx.xxx
201,revoked,1.0,7,5.xx.xxx
202,from,1.0,4,5.xx.xxx
203,kept,1.0,4,5.xx.xxx
204,gallon,1.0,6,5.xx.xxx
205,keeping,1.0,7,5.xx.xxx
206,issuance,1.0,8,5.xx.xxx
207,invoice,1.0,7,5.xx.xxx
208,resident,1.0,8,5.xx.xxx
209,inspection,1.0,10,5.xx.xxx
210,information,1.0,11,5.xx.xxx
211,indicating,1.0,10,5.xx.xxx
212,responsbile,1.0,11,5.xx.xxx
213,improperly,1.0,10,5.xx.xxx
214,responsible,1.0,11,5.xx.xxx
215,identified,1.0,10,5.xx.xxx
216,retailatory,1.0,11,5.xx.xxx
217,return,1.0,6,5.xx.xxx
218,permit,28.0,6,7.xx.xxx
219,signs,23.0,5,7.xx.xxx
220,sign,21.0,4,7.xx.xxx
221,prohibited,19.0,10,7.xx.xxx
222,beer,16.0,4,7.xx.xxx
223,required,14.0,8,7.xx.xxx
224,sales,14.0,5,7.xx.xxx
225,sale,14.0,4,7.xx.xxx
226,transfer,11.0,8,7.xx.xxx
227,supplier,11.0,8,7.xx.xxx
228,wholesaler,9.0,10,7.xx.xxx
229,height,9.0,6,7.xx.xxx
230,fence,9.0,5,7.xx.xxx
231,homemade,9.0,8,7.xx.xxx
232,display,7.0,7,7.xx.xxx
233,under,6.0,5,7.xx.xxx
234,application,6.0,11,7.xx.xxx
235,unauthorized,6.0,12,7.xx.xxx
236,caterer,6.0,7,7.xx.xxx
237,location,6.0,8,7.xx.xxx
238,home,6.0,4,7.xx.xxx
239,overcrowding,5.0,12,7.xx.xxx
240,require,5.0,7,7.xx.xxx
241,wholesale,5.0,9,7.xx.xxx
242,electronic,4.0,10,7.xx.xxx
243,improper,4.0,8,7.xx.xxx
244,public,4.0,6,7.xx.xxx
245,hotel,4.0,5,7.xx.xxx
246,certificate,4.0,11,7.xx.xxx
247,consignment,4.0,11,7.xx.xxx
248,lighting,4.0,8,7.xx.xxx
249,placement,4.0,9,7.xx.xxx
250,statement,4.0,9,7.xx.xxx
251,vendor,4.0,6,7.xx.xxx
252,setback,4.0,7,7.xx.xxx
253,motel,4.0,5,7.xx.xxx
254,delivery,4.0,8,7.xx.xxx
255,false,4.0,5,7.xx.xxx
256,failure,4.0,7,7.xx.xxx
257,employ,4.0,6,7.xx.xxx
258,(led),4.0,5,7.xx.xxx
259,right-of-way,4.0,12,7.xx.xxx
260,occupation,4.0,10,7.xx.xxx
261,compliance,4.0,10,7.xx.xxx
262,resale,3.0,6,7.xx.xxx
263,violations,3.0,10,7.xx.xxx
264,retail,3.0,6,7.xx.xxx
265,from,3.0,4,7.xx.xxx
266,permitted,3.0,9,7.xx.xxx
267,material,3.0,8,7.xx.xxx
268,minor,3.0,5,7.xx.xxx
269,percent,3.0,7,7.xx.xxx
270,minors,3.0,6,7.xx.xxx
271,name,3.0,4,7.xx.xxx
272,without,3.0,7,7.xx.xxx
273,owners,3.0,6,7.xx.xxx
274,written,3.0,7,7.xx.xxx
275,other,3.0,5,7.xx.xxx
276,notice,3.0,6,7.xx.xxx
277,premises,3.0,8,7.xx.xxx
278,business,3.0,8,7.xx.xxx
279,cans,3.0,4,7.xx.xxx
280,building,3.0,8,7.xx.xxx
281,storage,3.0,7,7.xx.xxx
282,activity,3.0,8,7.xx.xxx
283,attire,3.0,6,7.xx.xxx
284,trash,3.0,5,7.xx.xxx
285,bond,3.0,4,7.xx.xxx
286,sell,3.0,4,7.xx.xxx
287,conditions,3.0,10,7.xx.xxx
288,cannot,3.0,6,7.xx.xxx
289,temporary,3.0,9,7.xx.xxx
290,consent,3.0,7,7.xx.xxx
291,manufacturer,2.0,12,7.xx.xxx
292,maintenance,2.0,11,7.xx.xxx
293,loiter,2.0,6,7.xx.xxx
294,abandoned,2.0,9,7.xx.xxx
295,locked,2.0,6,7.xx.xxx
296,(opaque),2.0,8,7.xx.xxx
297,(open),2.0,6,7.xx.xxx
298,agreement,2.0,9,7.xx.xxx
299,level),2.0,6,7.xx.xxx
300,cert,2.0,4,7.xx.xxx
301,locations,2.0,9,7.xx.xxx
302,moral,2.0,5,7.xx.xxx
303,(max,2.0,4,7.xx.xxx
304,animals,2.0,7,7.xx.xxx
305,landlord,2.0,8,7.xx.xxx
306,motion,2.0,6,7.xx.xxx
307,multiple,2.0,8,7.xx.xxx
308,blank,2.0,5,7.xx.xxx
309,near,2.0,4,7.xx.xxx
310,between,2.0,7,7.xx.xxx
311,noise,2.0,5,7.xx.xxx
312,area,2.0,4,7.xx.xxx
313,barbed,2.0,6,7.xx.xxx
314,banners,2.0,7,7.xx.xxx
315,(emission),2.0,10,7.xx.xxx
316,chickens,2.0,8,7.xx.xxx
317,intermittent,2.0,12,7.xx.xxx
318,intoxicated,2.0,11,7.xx.xxx
319,front,2.0,5,7.xx.xxx
320,areas,2.0,5,7.xx.xxx
321,delay,2.0,5,7.xx.xxx
322,flavored,2.0,8,7.xx.xxx
323,fences,2.0,6,7.xx.xxx
324,feet,2.0,4,7.xx.xxx
325,devices,2.0,7,7.xx.xxx
326,farm,2.0,4,7.xx.xxx
327,dilapidated,2.0,11,7.xx.xxx
328,exterior,2.0,8,7.xx.xxx
329,expired,2.0,7,7.xx.xxx
330,event,2.0,5,7.xx.xxx
331,disorderly,2.0,10,7.xx.xxx
332,displayed,2.0,9,7.xx.xxx
333,domestic,2.0,8,7.xx.xxx
334,continuous,2.0,10,7.xx.xxx
335,gambling,2.0,8,7.xx.xxx
336,(vehicle,2.0,8,7.xx.xxx
337,garage,2.0,6,7.xx.xxx
338,distance,2.0,8,7.xx.xxx
339,inside,2.0,6,7.xx.xxx
340,information,2.0,11,7.xx.xxx
341,coerce,2.0,6,7.xx.xxx
342,illegal,2.0,7,7.xx.xxx
343,adults,2.0,6,7.xx.xxx
344,harmful,2.0,7,7.xx.xxx
345,handheld,2.0,8,7.xx.xxx
346,group,2.0,5,7.xx.xxx
347,greater,2.0,7,7.xx.xxx
348,address,2.0,7,7.xx.xxx
349,consume,2.0,7,7.xx.xxx
350,–bus,2.0,4,7.xx.xxx
351,termination,2.0,11,7.xx.xxx
352,special,2.0,7,7.xx.xxx
353,than,2.0,4,7.xx.xxx
354,portable,2.0,8,7.xx.xxx
355,timing,2.0,6,7.xx.xxx
356,possession,2.0,10,7.xx.xxx
357,side,2.0,4,7.xx.xxx
358,premise,2.0,7,7.xx.xxx
359,signs),2.0,6,7.xx.xxx
360,simulate,2.0,8,7.xx.xxx
361,residence,2.0,9,7.xx.xxx
362,registration,2.0,12,7.xx.xxx
363,unsafe,2.0,6,7.xx.xxx
364,unrelated,2.0,9,7.xx.xxx
365,only,2.0,4,7.xx.xxx
366,revoked,2.0,7,7.xx.xxx
367,single,2.0,6,7.xx.xxx
368,unlawful,2.0,8,7.xx.xxx
369,site,2.0,4,7.xx.xxx
370,prop,2.0,4,7.xx.xxx
371,revoke,2.0,6,7.xx.xxx
372,turpitude,2.0,9,7.xx.xxx
373,rear,2.0,4,7.xx.xxx
374,revocation,2.0,10,7.xx.xxx
375,tree,2.0,4,7.xx.xxx
376,place,2.0,5,7.xx.xxx
377,purchase,2.0,8,7.xx.xxx
378,sexual,2.0,6,7.xx.xxx
379,security,2.0,8,7.xx.xxx
380,zoning,2.0,6,7.xx.xxx
381,years,2.0,5,7.xx.xxx
382,operating,2.0,9,7.xx.xxx
383,suppler,2.0,7,7.xx.xxx
384,owner,2.0,5,7.xx.xxx
385,parking,2.0,7,7.xx.xxx
386,passing,2.0,7,7.xx.xxx
387,past,2.0,4,7.xx.xxx
388,"sell,",2.0,5,7.xx.xxx
389,paving,2.0,6,7.xx.xxx
390,wire,2.0,4,7.xx.xxx
391,wind,2.0,4,7.xx.xxx
392,permanent,2.0,9,7.xx.xxx
393,person,2.0,6,7.xx.xxx
394,same,2.0,4,7.xx.xxx
395,permits,2.0,7,7.xx.xxx
396,church,1.0,6,7.xx.xxx
397,churches,1.0,8,7.xx.xxx
398,state,1.0,5,7.xx.xxx
399,sports,1.0,6,7.xx.xxx
400,stored,1.0,6,7.xx.xxx
401,cancel,1.0,6,7.xx.xxx
402,solicitation,1.0,12,7.xx.xxx
403,cancelled,1.0,9,7.xx.xxx
404,charity,1.0,7,7.xx.xxx
405,stamps,1.0,6,7.xx.xxx
406,on-premises,1.0,11,7.xx.xxx
407,conduct,1.0,7,7.xx.xxx
408,citizen,1.0,7,7.xx.xxx
409,contiguous,1.0,10,7.xx.xxx
410,criminal,1.0,8,7.xx.xxx
411,credit,1.0,6,7.xx.xxx
412,county,1.0,6,7.xx.xxx
413,conviction,1.0,10,7.xx.xxx
414,convicted,1.0,9,7.xx.xxx
415,convict,1.0,7,7.xx.xxx
416,contraband,1.0,10,7.xx.xxx
417,contests,1.0,8,7.xx.xxx
418,city,1.0,4,7.xx.xxx
419,contest,1.0,7,7.xx.xxx
420,consumption,1.0,11,7.xx.xxx
421,simulation,1.0,10,7.xx.xxx
422,comply,1.0,6,7.xx.xxx
423,compensation,1.0,12,7.xx.xxx
424,commercial,1.0,10,7.xx.xxx
425,clerk,1.0,5,7.xx.xxx
426,businesses,1.0,10,7.xx.xxx
427,supplemental,1.0,12,7.xx.xxx
428,wich,1.0,4,7.xx.xxx
429,above,1.0,5,7.xx.xxx
430,using,1.0,5,7.xx.xxx
431,3am-6am,1.0,7,7.xx.xxx
432,valid,1.0,5,7.xx.xxx
433,vehicle,1.0,7,7.xx.xxx
434,which,1.0,5,7.xx.xxx
435,brand,1.0,5,7.xx.xxx
436,12-6,1.0,4,7.xx.xxx
437,11pm-3am,1.0,8,7.xx.xxx
438,window,1.0,6,7.xx.xxx
439,with,1.0,4,7.xx.xxx
440,withhold,1.0,8,7.xx.xxx
441,within,1.0,6,7.xx.xxx
442,action,1.0,6,7.xx.xxx
443,acts,1.0,4,7.xx.xxx
444,unreasonable,1.0,12,7.xx.xxx
445,advanced,1.0,8,7.xx.xxx
446,suspended,1.0,9,7.xx.xxx
447,bonafide,1.0,8,7.xx.xxx
448,suspension,1.0,10,7.xx.xxx
449,beverage,1.0,8,7.xx.xxx
450,threaten,1.0,8,7.xx.xxx
451,bankruptcy,1.0,10,7.xx.xxx
452,authority,1.0,9,7.xx.xxx
453,touch,1.0,5,7.xx.xxx
454,serve,1.0,5,7.xx.xxx
455,transport,1.0,9,7.xx.xxx
456,"transport,",1.0,10,7.xx.xxx
457,approved,1.0,8,7.xx.xxx
458,approval,1.0,8,7.xx.xxx
459,anus,1.0,4,7.xx.xxx
460,another,1.0,7,7.xx.xxx
461,units,1.0,5,7.xx.xxx
462,advertising,1.0,11,7.xx.xxx
463,days,1.0,4,7.xx.xxx
464,district,1.0,8,7.xx.xxx
465,seller,1.0,6,7.xx.xxx
466,product,1.0,7,7.xx.xxx
467,landscape,1.0,9,7.xx.xxx
468,privilege,1.0,9,7.xx.xxx
469,labeling,1.0,8,7.xx.xxx
470,keys,1.0,4,7.xx.xxx
471,kept,1.0,4,7.xx.xxx
472,keeping,1.0,7,7.xx.xxx
473,issuance,1.0,8,7.xx.xxx
474,invoices,1.0,8,7.xx.xxx
475,invoice,1.0,7,7.xx.xxx
476,inspection,1.0,10,7.xx.xxx
477,released,1.0,8,7.xx.xxx
478,prostitution,1.0,12,7.xx.xxx
479,protection,1.0,10,7.xx.xxx
480,indicating,1.0,10,7.xx.xxx
481,inches,1.0,6,7.xx.xxx
482,incarcerated,1.0,12,7.xx.xxx
483,in-room,1.0,7,7.xx.xxx
484,publicly,1.0,8,7.xx.xxx
485,identified,1.0,10,7.xx.xxx
486,reconsideration,1.0,15,7.xx.xxx
487,previous,1.0,8,7.xx.xxx
488,laws,1.0,4,7.xx.xxx
489,legal,1.0,5,7.xx.xxx
490,posted,1.0,6,7.xx.xxx
491,onsale,1.0,6,7.xx.xxx
492,operate,1.0,7,7.xx.xxx
493,obtain,1.0,6,7.xx.xxx
494,outdoor,1.0,7,7.xx.xxx
495,ownership,1.0,9,7.xx.xxx
496,motions,1.0,7,7.xx.xxx
497,patron,1.0,6,7.xx.xxx
498,morals,1.0,6,7.xx.xxx
499,months,1.0,6,7.xx.xxx
500,payment,1.0,7,7.xx.xxx
501,memos,1.0,5,7.xx.xxx
502,memoranda,1.0,9,7.xx.xxx
503,meet,1.0,4,7.xx.xxx
504,manufacture,1.0,11,7.xx.xxx
505,"pics,",1.0,5,7.xx.xxx
506,maintain,1.0,8,7.xx.xxx
507,loitering,1.0,9,7.xx.xxx
508,plans,1.0,5,7.xx.xxx
509,political,1.0,9,7.xx.xxx
510,liquor,1.0,6,7.xx.xxx
511,limits,1.0,6,7.xx.xxx
512,redelivery,1.0,10,7.xx.xxx
513,"health,",1.0,7,7.xx.xxx
514,depicting,1.0,9,7.xx.xxx
515,drugs,1.0,5,7.xx.xxx
516,exempt,1.0,6,7.xx.xxx
517,excess,1.0,6,7.xx.xxx
518,exceed,1.0,6,7.xx.xxx
519,events,1.0,6,7.xx.xxx
520,etc.,1.0,4,7.xx.xxx
521,encourage,1.0,9,7.xx.xxx
522,employee,1.0,8,7.xx.xxx
523,rider,1.0,5,7.xx.xxx
524,room,1.0,4,7.xx.xxx
525,each,1.0,4,7.xx.xxx
526,draft,1.0,5,7.xx.xxx
527,removal,1.0,7,7.xx.xxx
528,documentation,1.0,13,7.xx.xxx
529,distributed,1.0,11,7.xx.xxx
530,"safety,",1.0,7,7.xx.xxx
531,"dist,",1.0,5,7.xx.xxx
532,dist,1.0,4,7.xx.xxx
533,school,1.0,6,7.xx.xxx
534,"schools,",1.0,8,7.xx.xxx
535,device,1.0,6,7.xx.xxx
536,detriment,1.0,9,7.xx.xxx
537,exhibition,1.0,10,7.xx.xxx
538,expose,1.0,6,7.xx.xxx
539,facilities,1.0,10,7.xx.xxx
540,returned,1.0,8,7.xx.xxx
541,reproductions,1.0,13,7.xx.xxx
542,reqmts,1.0,6,7.xx.xxx
543,genitals,1.0,8,7.xx.xxx
544,requirements,1.0,12,7.xx.xxx
545,requires,1.0,8,7.xx.xxx
546,gallon,1.0,6,7.xx.xxx
547,resident,1.0,8,7.xx.xxx
548,food,1.0,4,7.xx.xxx
549,residential,1.0,11,7.xx.xxx
550,financial,1.0,9,7.xx.xxx
551,"film,",1.0,5,7.xx.xxx
552,responsbile,1.0,11,7.xx.xxx
553,responsible,1.0,11,7.xx.xxx
554,felony,1.0,6,7.xx.xxx
555,restriction,1.0,11,7.xx.xxx
556,fees,1.0,4,7.xx.xxx
557,retailatory,1.0,11,7.xx.xxx
558,return,1.0,6,7.xx.xxx
559,limit,1.0,5,7.xx.xxx
560,permit,14.0,6,8.xx.xxx
561,sale,7.0,4,8.xx.xxx
562,caterer,6.0,7,8.xx.xxx
563,sales,6.0,5,8.xx.xxx
564,required,6.0,8,8.xx.xxx
565,unauthorized,5.0,12,8.xx.xxx
566,under,5.0,5,8.xx.xxx
567,application,5.0,11,8.xx.xxx
568,beer,4.0,4,8.xx.xxx
569,lighting,4.0,8,8.xx.xxx
570,landlord,4.0,8,8.xx.xxx
571,prohibited,4.0,10,8.xx.xxx
572,location,4.0,8,8.xx.xxx
573,registration,4.0,12,8.xx.xxx
574,statement,3.0,9,8.xx.xxx
575,false,3.0,5,8.xx.xxx
576,excess,3.0,6,8.xx.xxx
577,premises,3.0,8,8.xx.xxx
578,noise,3.0,5,8.xx.xxx
579,cans,3.0,4,8.xx.xxx
580,trash,3.0,5,8.xx.xxx
581,building,3.0,8,8.xx.xxx
582,vehicle,3.0,7,8.xx.xxx
583,sell,3.0,4,8.xx.xxx
584,owners,2.0,6,8.xx.xxx
585,occupancy,2.0,9,8.xx.xxx
586,owner,2.0,5,8.xx.xxx
587,minor,2.0,5,8.xx.xxx
588,passing,2.0,7,8.xx.xxx
589,permitted,2.0,9,8.xx.xxx
590,person,2.0,6,8.xx.xxx
591,motel,2.0,5,8.xx.xxx
592,moral,2.0,5,8.xx.xxx
593,loiter,2.0,6,8.xx.xxx
594,level),2.0,6,8.xx.xxx
595,(emission),2.0,10,8.xx.xxx
596,(max,2.0,4,8.xx.xxx
597,consume,2.0,7,8.xx.xxx
598,continuous,2.0,10,8.xx.xxx
599,delivery,2.0,8,8.xx.xxx
600,disorderly,2.0,10,8.xx.xxx
601,display,2.0,7,8.xx.xxx
602,employ,2.0,6,8.xx.xxx
603,food,2.0,4,8.xx.xxx
604,gambling,2.0,8,8.xx.xxx
605,place,2.0,5,8.xx.xxx
606,intermittent,2.0,12,8.xx.xxx
607,intoxicated,2.0,11,8.xx.xxx
608,hotel,2.0,5,8.xx.xxx
609,resale,2.0,6,8.xx.xxx
610,wholesaler,2.0,10,8.xx.xxx
611,transfer,2.0,8,8.xx.xxx
612,storage,2.0,7,8.xx.xxx
613,unlawful,2.0,8,8.xx.xxx
614,public,2.0,6,8.xx.xxx
615,turpitude,2.0,9,8.xx.xxx
616,device,1.0,6,8.xx.xxx
617,detriment,1.0,9,8.xx.xxx
618,posted,1.0,6,8.xx.xxx
619,criminal,1.0,8,8.xx.xxx
620,supplemental,1.0,12,8.xx.xxx
621,convict,1.0,7,8.xx.xxx
622,time,1.0,4,8.xx.xxx
623,conduct,1.0,7,8.xx.xxx
624,convicted,1.0,9,8.xx.xxx
625,displayed,1.0,9,8.xx.xxx
626,strp,1.0,4,8.xx.xxx
627,church,1.0,6,8.xx.xxx
628,dist,1.0,4,8.xx.xxx
629,distance,1.0,8,8.xx.xxx
630,district,1.0,8,8.xx.xxx
631,draft,1.0,5,8.xx.xxx
632,drugs,1.0,5,8.xx.xxx
633,each,1.0,4,8.xx.xxx
634,etc.,1.0,4,8.xx.xxx
635,event,1.0,5,8.xx.xxx
636,events,1.0,6,8.xx.xxx
637,stamps,1.0,6,8.xx.xxx
638,excessive,1.0,9,8.xx.xxx
639,commercial,1.0,10,8.xx.xxx
640,cannot,1.0,6,8.xx.xxx
641,chickens,1.0,8,8.xx.xxx
642,address,1.0,7,8.xx.xxx
643,wholesale,1.0,9,8.xx.xxx
644,11pm-3am,1.0,8,8.xx.xxx
645,waste,1.0,5,8.xx.xxx
646,3am-6am,1.0,7,8.xx.xxx
647,activity,1.0,8,8.xx.xxx
648,advanced,1.0,8,8.xx.xxx
649,"transport,",1.0,10,8.xx.xxx
650,violation,1.0,9,8.xx.xxx
651,another,1.0,7,8.xx.xxx
652,vendor,1.0,6,8.xx.xxx
653,using,1.0,5,8.xx.xxx
654,bedrooms,1.0,8,8.xx.xxx
655,between,1.0,7,8.xx.xxx
656,beverage,1.0,8,8.xx.xxx
657,buses,1.0,5,8.xx.xxx
658,business,1.0,8,8.xx.xxx
659,"campers,",1.0,8,8.xx.xxx
660,exempt,1.0,6,8.xx.xxx
661,excrement,1.0,9,8.xx.xxx
662,failure,1.0,7,8.xx.xxx
663,possession,1.0,10,8.xx.xxx
664,special,1.0,7,8.xx.xxx
665,without,1.0,7,8.xx.xxx
666,morals,1.0,6,8.xx.xxx
667,returned,1.0,8,8.xx.xxx
668,multiple,1.0,8,8.xx.xxx
669,name,1.0,4,8.xx.xxx
670,near,1.0,4,8.xx.xxx
671,retail,1.0,6,8.xx.xxx
672,restriction,1.0,11,8.xx.xxx
673,notice,1.0,6,8.xx.xxx
674,residential,1.0,11,8.xx.xxx
675,occupied,1.0,8,8.xx.xxx
676,requirements,1.0,12,8.xx.xxx
677,reqmts,1.0,6,8.xx.xxx
678,operate,1.0,7,8.xx.xxx
679,operating,1.0,9,8.xx.xxx
680,released,1.0,8,8.xx.xxx
681,redelivery,1.0,10,8.xx.xxx
682,purchase,1.0,8,8.xx.xxx
683,payment,1.0,7,8.xx.xxx
684,percent,1.0,7,8.xx.xxx
685,provided,1.0,8,8.xx.xxx
686,permits,1.0,7,8.xx.xxx
687,prostitution,1.0,12,8.xx.xxx
688,privilege,1.0,9,8.xx.xxx
689,premise,1.0,7,8.xx.xxx
690,minors,1.0,6,8.xx.xxx
691,revoked,1.0,7,8.xx.xxx
692,memos,1.0,5,8.xx.xxx
693,school,1.0,6,8.xx.xxx
694,feet,1.0,4,8.xx.xxx
695,solicitation,1.0,12,8.xx.xxx
696,site,1.0,4,8.xx.xxx
697,from,1.0,4,8.xx.xxx
698,single,1.0,6,8.xx.xxx
699,"health,",1.0,7,8.xx.xxx
700,signage,1.0,7,8.xx.xxx
701,sign,1.0,4,8.xx.xxx
702,in-room,1.0,7,8.xx.xxx
703,incarcerated,1.0,12,8.xx.xxx
704,information,1.0,11,8.xx.xxx
705,"sell,",1.0,5,8.xx.xxx
706,invoices,1.0,8,8.xx.xxx
707,meet,1.0,4,8.xx.xxx
708,issuance,1.0,8,8.xx.xxx
709,keeping,1.0,7,8.xx.xxx
710,same,1.0,4,8.xx.xxx
711,laws,1.0,4,8.xx.xxx
712,"safety,",1.0,7,8.xx.xxx
713,limits,1.0,6,8.xx.xxx
714,liquor,1.0,6,8.xx.xxx
715,right-of-way,1.0,12,8.xx.xxx
716,locked,1.0,6,8.xx.xxx
717,right,1.0,5,8.xx.xxx
718,years,1.0,5,8.xx.xxx
719,litter,11.0,6,10.xx.xxx
720,garbage,8.0,7,10.xx.xxx
721,property,5.0,8,10.xx.xxx
722,dumping,4.0,7,10.xx.xxx
723,harborage,4.0,9,10.xx.xxx
724,waste,4.0,5,10.xx.xxx
725,illegal,3.0,7,10.xx.xxx
726,private,3.0,7,10.xx.xxx
727,public,3.0,6,10.xx.xxx
728,water,3.0,5,10.xx.xxx
729,vehicles,3.0,8,10.xx.xxx
730,from,3.0,4,10.xx.xxx
731,hours,2.0,5,10.xx.xxx
732,dumpster,2.0,8,10.xx.xxx
733,distribution,2.0,12,10.xx.xxx
734,"pathogenic,",2.0,11,10.xx.xxx
735,container,2.0,9,10.xx.xxx
736,places,2.0,6,10.xx.xxx
737,handbills,2.0,9,10.xx.xxx
738,collection,2.0,10,10.xx.xxx
739,premises,2.0,8,10.xx.xxx
740,trash,2.0,5,10.xx.xxx
741,prohibited,2.0,10,10.xx.xxx
742,stagnant,2.0,8,10.xx.xxx
743,"hazardous,",2.0,10,10.xx.xxx
744,radioactive,2.0,11,10.xx.xxx
745,nuisance,2.0,8,10.xx.xxx
746,junk,2.0,4,10.xx.xxx
747,event,1.0,5,10.xx.xxx
748,drugs,1.0,5,10.xx.xxx
749,disposal,1.0,8,10.xx.xxx
750,compliance,1.0,10,10.xx.xxx
751,"dirt,",1.0,5,10.xx.xxx
752,declared,1.0,8,10.xx.xxx
753,-owner,1.0,6,10.xx.xxx
754,3am-6am,1.0,7,10.xx.xxx
755,accumulation,1.0,12,10.xx.xxx
756,approved,1.0,8,10.xx.xxx
757,between,1.0,7,10.xx.xxx
758,buildings,1.0,9,10.xx.xxx
759,business,1.0,8,10.xx.xxx
760,causing,1.0,7,10.xx.xxx
761,certificate,1.0,11,10.xx.xxx
762,citizens,1.0,8,10.xx.xxx
763,excessive,1.0,9,10.xx.xxx
764,containers,1.0,10,10.xx.xxx
765,contraband,1.0,10,10.xx.xxx
766,excess,1.0,6,10.xx.xxx
767,lids,1.0,4,10.xx.xxx
768,"filth,",1.0,6,10.xx.xxx
769,hazardous,1.0,9,10.xx.xxx
770,vermin,1.0,6,10.xx.xxx
771,vehicle,1.0,7,10.xx.xxx
772,vegetation,1.0,10,10.xx.xxx
773,vacation,1.0,8,10.xx.xxx
774,vacant,1.0,6,10.xx.xxx
775,tires,1.0,5,10.xx.xxx
776,storage,1.0,7,10.xx.xxx
777,special,1.0,7,10.xx.xxx
778,sell,1.0,4,10.xx.xxx
779,sanitation,1.0,10,10.xx.xxx
780,requirements,1.0,12,10.xx.xxx
781,required,1.0,8,10.xx.xxx
782,require,1.0,7,10.xx.xxx
783,receptacles,1.0,11,10.xx.xxx
784,proper,1.0,6,10.xx.xxx
785,posting,1.0,7,10.xx.xxx
786,possession,1.0,10,10.xx.xxx
787,placement,1.0,9,10.xx.xxx
788,permitted,1.0,9,10.xx.xxx
789,permits,1.0,7,10.xx.xxx
790,owners,1.0,6,10.xx.xxx
791,occupied,1.0,8,10.xx.xxx
792,notices,1.0,7,10.xx.xxx
793,noise,1.0,5,10.xx.xxx
794,lots,1.0,4,10.xx.xxx
795,loads,1.0,5,10.xx.xxx
796,holes,1.0,5,10.xx.xxx
797,fence,9.0,5,12.xx.xxx
798,height,9.0,6,12.xx.xxx
799,right-of-way,5.0,12,12.xx.xxx
800,setback,4.0,7,12.xx.xxx
801,(open),2.0,6,12.xx.xxx
802,front,2.0,5,12.xx.xxx
803,inside,2.0,6,12.xx.xxx
804,mobile,2.0,6,12.xx.xxx
805,(opaque),2.0,8,12.xx.xxx
806,vending,2.0,7,12.xx.xxx
807,rear,2.0,4,12.xx.xxx
808,vehicle,2.0,7,12.xx.xxx
809,side,2.0,4,12.xx.xxx
810,chickens,1.0,8,12.xx.xxx
811,12-6,1.0,4,12.xx.xxx
812,bedrooms,1.0,8,12.xx.xxx
813,between,1.0,7,12.xx.xxx
814,faulty,1.0,6,12.xx.xxx
815,excess,1.0,6,12.xx.xxx
816,plumbing,1.0,8,12.xx.xxx
817,sales,1.0,5,12.xx.xxx
818,right,1.0,5,12.xx.xxx
819,keeping,1.0,7,12.xx.xxx
820,sewage,5.0,6,15.xx.xxx
821,runoff,2.0,6,15.xx.xxx
822,connect,2.0,7,15.xx.xxx
823,ground,2.0,6,15.xx.xxx
824,landlord,2.0,8,15.xx.xxx
825,public,2.0,6,15.xx.xxx
826,registration,2.0,12,15.xx.xxx
827,septic,1.0,6,15.xx.xxx
828,improperly,1.0,10,15.xx.xxx
829,body,1.0,4,15.xx.xxx
830,unlawful,1.0,8,15.xx.xxx
831,connections,1.0,11,15.xx.xxx
832,contents,1.0,8,15.xx.xxx
833,discharge,1.0,9,15.xx.xxx
834,disp.,1.0,5,15.xx.xxx
835,illegal,1.0,7,15.xx.xxx
836,sewer,1.0,5,15.xx.xxx
837,tank,1.0,4,15.xx.xxx
838,line,1.0,4,15.xx.xxx
839,maint.,1.0,6,15.xx.xxx
840,stream,1.0,6,15.xx.xxx
841,waste,1.0,5,15.xx.xxx
842,permitted,1.0,9,15.xx.xxx
843,private,1.0,7,15.xx.xxx
844,"sewer,",1.0,6,15.xx.xxx
845,water,1.0,5,15.xx.xxx
846,exterior,105.0,8,16.xx.xxx
847,area,45.0,4,16.xx.xxx
848,bldgs,44.0,5,16.xx.xxx
849,prop,44.0,4,16.xx.xxx
850,buildings,30.0,9,16.xx.xxx
851,occupancy,24.0,9,16.xx.xxx
852,fire,18.0,4,16.xx.xxx
853,system,16.0,6,16.xx.xxx
854,plumbing,16.0,8,16.xx.xxx
855,required,15.0,8,16.xx.xxx
856,safety,14.0,6,16.xx.xxx
857,garbage,14.0,7,16.xx.xxx
858,rubbish,14.0,7,16.xx.xxx
859,electrical,14.0,10,16.xx.xxx
860,interior,13.0,8,16.xx.xxx
861,water,13.0,5,16.xx.xxx
862,facilities,13.0,10,16.xx.xxx
863,escape,12.0,6,16.xx.xxx
864,ventilation,12.0,11,16.xx.xxx
865,emergency,12.0,9,16.xx.xxx
866,extermination,10.0,13,16.xx.xxx
867,heating,10.0,7,16.xx.xxx
868,toilet,10.0,6,16.xx.xxx
869,requirements,10.0,12,16.xx.xxx
870,rooms,10.0,5,16.xx.xxx
871,parking,10.0,7,16.xx.xxx
872,open,9.0,4,16.xx.xxx
873,general,8.0,7,16.xx.xxx
874,storage,8.0,7,16.xx.xxx
875,spaces,8.0,6,16.xx.xxx
876,maintenance,7.0,11,16.xx.xxx
877,structures,7.0,10,16.xx.xxx
878,treatment,6.0,9,16.xx.xxx
879,light,6.0,5,16.xx.xxx
880,premises,6.0,8,16.xx.xxx
881,systems,6.0,7,16.xx.xxx
882,other,6.0,5,16.xx.xxx
883,drainage,6.0,8,16.xx.xxx
884,guards,6.0,6,16.xx.xxx
885,exhaust,5.0,7,16.xx.xxx
886,employee,5.0,8,16.xx.xxx
887,consignment,4.0,11,16.xx.xxx
888,occupation,4.0,10,16.xx.xxx
889,overcrowding,4.0,12,16.xx.xxx
890,privacy,4.0,7,16.xx.xxx
891,owner,4.0,5,16.xx.xxx
892,permit,4.0,6,16.xx.xxx
893,nonres,4.0,6,16.xx.xxx
894,building,4.0,8,16.xx.xxx
895,boarding,4.0,8,16.xx.xxx
896,proper,4.0,6,16.xx.xxx
897,protection,4.0,10,16.xx.xxx
898,occupant,4.0,8,16.xx.xxx
899,doors,4.0,5,16.xx.xxx
900,minimum,4.0,7,16.xx.xxx
901,members,4.0,7,16.xx.xxx
902,mechanical,4.0,10,16.xx.xxx
903,disposal,4.0,8,16.xx.xxx
904,work,4.0,4,16.xx.xxx
905,insect,4.0,6,16.xx.xxx
906,equip,4.0,5,16.xx.xxx
907,walls,4.0,5,16.xx.xxx
908,home,4.0,4,16.xx.xxx
909,vacant,4.0,6,16.xx.xxx
910,heat,4.0,4,16.xx.xxx
911,handrails,4.0,9,16.xx.xxx
912,habitable,4.0,9,16.xx.xxx
913,repair,4.0,6,16.xx.xxx
914,hazards,4.0,7,16.xx.xxx
915,smoke,4.0,5,16.xx.xxx
916,sale,4.0,4,16.xx.xxx
917,access,4.0,6,16.xx.xxx
918,screens,4.0,7,16.xx.xxx
919,roofs–,4.0,6,16.xx.xxx
920,sanitary,4.0,8,16.xx.xxx
921,stairways,4.0,9,16.xx.xxx
922,structural,4.0,10,16.xx.xxx
923,supply,4.0,6,16.xx.xxx
924,basement,4.0,8,16.xx.xxx
925,swimming,3.0,8,16.xx.xxx
926,material,3.0,8,16.xx.xxx
927,high,3.0,4,16.xx.xxx
928,debris,3.0,6,16.xx.xxx
929,weeds,3.0,5,16.xx.xxx
930,commercial,3.0,10,16.xx.xxx
931,address,3.0,7,16.xx.xxx
932,rodent,3.0,6,16.xx.xxx
933,fence,3.0,5,16.xx.xxx
934,residential,3.0,11,16.xx.xxx
935,vehicles,3.0,8,16.xx.xxx
936,graffiti,3.0,8,16.xx.xxx
937,failure,3.0,7,16.xx.xxx
938,pools,3.0,5,16.xx.xxx
939,facilitie,2.0,9,16.xx.xxx
940,egress,2.0,6,16.xx.xxx
941,watercraft,2.0,10,16.xx.xxx
942,(doors),2.0,7,16.xx.xxx
943,(wood),2.0,6,16.xx.xxx
944,dwelling,2.0,8,16.xx.xxx
945,dryer,2.0,5,16.xx.xxx
946,acces,2.0,5,16.xx.xxx
947,fencing,2.0,7,16.xx.xxx
948,vehicle,2.0,7,16.xx.xxx
949,wire,2.0,4,16.xx.xxx
950,(width),2.0,7,16.xx.xxx
951,fences,2.0,6,16.xx.xxx
952,equipment,2.0,9,16.xx.xxx
953,(height),2.0,8,16.xx.xxx
954,features,2.0,8,16.xx.xxx
955,farm,2.0,4,16.xx.xxx
956,(siding),2.0,8,16.xx.xxx
957,(opening),2.0,9,16.xx.xxx
958,adults,2.0,6,16.xx.xxx
959,extensions,2.0,10,16.xx.xxx
960,walking,2.0,7,16.xx.xxx
961,(op),2.0,4,16.xx.xxx
962,vents,2.0,5,16.xx.xxx
963,bedrooms,2.0,8,16.xx.xxx
964,door,2.0,4,16.xx.xxx
965,certification,2.0,13,16.xx.xxx
966,balconies,2.0,9,16.xx.xxx
967,clothes,2.0,7,16.xx.xxx
968,barbed,2.0,6,16.xx.xxx
969,closet,2.0,6,16.xx.xxx
970,clearance,2.0,9,16.xx.xxx
971,chimneys,2.0,8,16.xx.xxx
972,chickens,2.0,8,16.xx.xxx
973,certificate,2.0,11,16.xx.xxx
974,domestic,2.0,8,16.xx.xxx
975,bathrooms,2.0,9,16.xx.xxx
976,ceiling,2.0,7,16.xx.xxx
977,buses,2.0,5,16.xx.xxx
978,widths,2.0,6,16.xx.xxx
979,bedroom,2.0,7,16.xx.xxx
980,wind,2.0,4,16.xx.xxx
981,bldg,2.0,4,16.xx.xxx
982,fixtures,2.0,8,16.xx.xxx
983,code,2.0,4,16.xx.xxx
984,combus,2.0,6,16.xx.xxx
985,common,2.0,6,16.xx.xxx
986,dis/repair,2.0,10,16.xx.xxx
987,detectors,2.0,9,16.xx.xxx
988,detector,2.0,8,16.xx.xxx
989,windows,2.0,7,16.xx.xxx
990,animals,2.0,7,16.xx.xxx
991,designated,2.0,10,16.xx.xxx
992,decorative,2.0,10,16.xx.xxx
993,decks,2.0,5,16.xx.xxx
994,cooking,2.0,7,16.xx.xxx
995,appliances,2.0,10,16.xx.xxx
996,contamination,2.0,13,16.xx.xxx
997,containers,2.0,10,16.xx.xxx
998,"wind,",2.0,5,16.xx.xxx
999,conditions,2.0,10,16.xx.xxx
1000,fixture,2.0,7,16.xx.xxx
1001,surfaces,2.0,8,16.xx.xxx
1002,foundation,2.0,10,16.xx.xxx
1003,trailers,2.0,8,16.xx.xxx
1004,receptacles,2.0,11,16.xx.xxx
1005,tractor-trailer,2.0,15,16.xx.xxx
1006,prohibited,2.0,10,16.xx.xxx
1007,prod,2.0,4,16.xx.xxx
1008,process,2.0,7,16.xx.xxx
1009,posted,2.0,6,16.xx.xxx
1010,porches,2.0,7,16.xx.xxx
1011,panel,2.0,5,16.xx.xxx
1012,multiple,2.0,8,16.xx.xxx
1013,painting,2.0,8,16.xx.xxx
1014,overhang,2.0,8,16.xx.xxx
1015,order,2.0,5,16.xx.xxx
1016,openable,2.0,8,16.xx.xxx
1017,frames,2.0,6,16.xx.xxx
1018,occupiable,2.0,10,16.xx.xxx
1019,units,2.0,5,16.xx.xxx
1020,remove,2.0,6,16.xx.xxx
1021,towers,2.0,6,16.xx.xxx
1022,residence,2.0,9,16.xx.xxx
1023,roof,2.0,4,16.xx.xxx
1024,stor,2.0,4,16.xx.xxx
1025,stop,2.0,4,16.xx.xxx
1026,stairs,2.0,6,16.xx.xxx
1027,sleeping,2.0,8,16.xx.xxx
1028,skylit,2.0,6,16.xx.xxx
1029,single,2.0,6,16.xx.xxx
1030,sidewalks,2.0,9,16.xx.xxx
1031,service,2.0,7,16.xx.xxx
1032,security,2.0,8,16.xx.xxx
1033,scope,2.0,5,16.xx.xxx
1034,school,2.0,6,16.xx.xxx
1035,sanitation,2.0,10,16.xx.xxx
1036,sales,2.0,5,16.xx.xxx
1037,rooming,2.0,7,16.xx.xxx
1038,room,2.0,4,16.xx.xxx
1039,roofs,2.0,5,16.xx.xxx
1040,occupancies,2.0,11,16.xx.xxx
1041,truck,2.0,5,16.xx.xxx
1042,multi-fam,2.0,9,16.xx.xxx
1043,halls,2.0,5,16.xx.xxx
1044,unrelated,2.0,9,16.xx.xxx
1045,houses,2.0,6,16.xx.xxx
1046,hotel,2.0,5,16.xx.xxx
1047,surf,2.0,4,16.xx.xxx
1048,hatchways,2.0,9,16.xx.xxx
1049,harborage,2.0,9,16.xx.xxx
1050,gutter,2.0,6,16.xx.xxx
1051,install,2.0,7,16.xx.xxx
1052,grading,2.0,7,16.xx.xxx
1053,glazing,2.0,7,16.xx.xxx
1054,gates,2.0,5,16.xx.xxx
1055,garage,2.0,6,16.xx.xxx
1056,from,2.0,4,16.xx.xxx
1057,inop/unlc,2.0,9,16.xx.xxx
1058,heights,2.0,7,16.xx.xxx
1059,limits,2.0,6,16.xx.xxx
1060,location,2.0,8,16.xx.xxx
1061,interiors,2.0,9,16.xx.xxx
1062,metal,2.0,5,16.xx.xxx
1063,lighting,2.0,8,16.xx.xxx
1064,materials,2.0,9,16.xx.xxx
1065,maintain,2.0,8,16.xx.xxx
1066,main,2.0,4,16.xx.xxx
1067,unlic,1.0,5,16.xx.xxx
1068,faulty,1.0,6,16.xx.xxx
1069,family,1.0,6,16.xx.xxx
1070,gate,1.0,4,16.xx.xxx
1071,"storage,",1.0,8,16.xx.xxx
1072,sidewalk,1.0,8,16.xx.xxx
1073,maint,1.0,5,16.xx.xxx
1074,accessory,1.0,9,16.xx.xxx
1075,accumulation,1.0,12,16.xx.xxx
1076,secure,1.0,6,16.xx.xxx
1077,grass,1.0,5,16.xx.xxx
1078,discharge,1.0,9,16.xx.xxx
1079,running,1.0,7,16.xx.xxx
1080,"trash,",1.0,6,16.xx.xxx
1081,multi,1.0,5,16.xx.xxx
1082,exceeds,1.0,7,16.xx.xxx
1083,driveway,1.0,8,16.xx.xxx
1084,infestation,1.0,11,16.xx.xxx
1085,inop,1.0,4,16.xx.xxx
1086,"junk,",1.0,5,16.xx.xxx
1087,signs,23.0,5,17.xx.xxx
1088,sign,19.0,4,17.xx.xxx
1089,prohibited,19.0,10,17.xx.xxx
1090,permit,10.0,6,17.xx.xxx
1091,required,10.0,8,17.xx.xxx
1092,fence,9.0,5,17.xx.xxx
1093,height,9.0,6,17.xx.xxx
1094,home,6.0,4,17.xx.xxx
1095,overcrowding,5.0,12,17.xx.xxx
1096,sale,5.0,4,17.xx.xxx
1097,display,5.0,7,17.xx.xxx
1098,setback,4.0,7,17.xx.xxx
1099,placement,4.0,9,17.xx.xxx
1100,lighting,4.0,8,17.xx.xxx
1101,occupation,4.0,10,17.xx.xxx
1102,electronic,4.0,10,17.xx.xxx
1103,consignment,4.0,11,17.xx.xxx
1104,compliance,4.0,10,17.xx.xxx
1105,certificate,4.0,11,17.xx.xxx
1106,(led),4.0,5,17.xx.xxx
1107,right-of-way,4.0,12,17.xx.xxx
1108,material,3.0,8,17.xx.xxx
1109,temporary,3.0,9,17.xx.xxx
1110,residence,2.0,9,17.xx.xxx
1111,wind,2.0,4,17.xx.xxx
1112,continuous,2.0,10,17.xx.xxx
1113,dilapidated,2.0,11,17.xx.xxx
1114,domestic,2.0,8,17.xx.xxx
1115,unsafe,2.0,6,17.xx.xxx
1116,expired,2.0,7,17.xx.xxx
1117,exterior,2.0,8,17.xx.xxx
1118,farm,2.0,4,17.xx.xxx
1119,unrelated,2.0,9,17.xx.xxx
1120,fences,2.0,6,17.xx.xxx
1121,front,2.0,5,17.xx.xxx
1122,garage,2.0,6,17.xx.xxx
1123,greater,2.0,7,17.xx.xxx
1124,group,2.0,5,17.xx.xxx
1125,harmful,2.0,7,17.xx.xxx
1126,conditions,2.0,10,17.xx.xxx
1127,chickens,2.0,8,17.xx.xxx
1128,illegal,2.0,7,17.xx.xxx
1129,building,2.0,8,17.xx.xxx
1130,(emission),2.0,10,17.xx.xxx
1131,zoning,2.0,6,17.xx.xxx
1132,(max,2.0,4,17.xx.xxx
1133,(opaque),2.0,8,17.xx.xxx
1134,(open),2.0,6,17.xx.xxx
1135,(vehicle,2.0,8,17.xx.xxx
1136,abandoned,2.0,9,17.xx.xxx
1137,adults,2.0,6,17.xx.xxx
1138,wire,2.0,4,17.xx.xxx
1139,animals,2.0,7,17.xx.xxx
1140,area,2.0,4,17.xx.xxx
1141,areas,2.0,5,17.xx.xxx
1142,banners,2.0,7,17.xx.xxx
1143,barbed,2.0,6,17.xx.xxx
1144,blank,2.0,5,17.xx.xxx
1145,tree,2.0,4,17.xx.xxx
1146,handheld,2.0,8,17.xx.xxx
1147,other,2.0,5,17.xx.xxx
1148,permanent,2.0,9,17.xx.xxx
1149,inside,2.0,6,17.xx.xxx
1150,side,2.0,4,17.xx.xxx
1151,parking,2.0,7,17.xx.xxx
1152,paving,2.0,6,17.xx.xxx
1153,percent,2.0,7,17.xx.xxx
1154,security,2.0,8,17.xx.xxx
1155,signs),2.0,6,17.xx.xxx
1156,permitted,2.0,9,17.xx.xxx
1157,sales,2.0,5,17.xx.xxx
1158,portable,2.0,8,17.xx.xxx
1159,prop,2.0,4,17.xx.xxx
1160,public,2.0,6,17.xx.xxx
1161,rear,2.0,4,17.xx.xxx
1162,–bus,2.0,4,17.xx.xxx
1163,level),2.0,6,17.xx.xxx
1164,motion,2.0,6,17.xx.xxx
1165,than,2.0,4,17.xx.xxx
1166,intermittent,2.0,12,17.xx.xxx
1167,maintenance,2.0,11,17.xx.xxx
1168,timing,2.0,6,17.xx.xxx
1169,noise,2.0,5,17.xx.xxx
1170,landscape,1.0,9,17.xx.xxx
1171,premises,1.0,8,17.xx.xxx
1172,district,1.0,8,17.xx.xxx
1173,with,1.0,4,17.xx.xxx
1174,plans,1.0,5,17.xx.xxx
1175,protection,1.0,10,17.xx.xxx
1176,issuance,1.0,8,17.xx.xxx
1177,removal,1.0,7,17.xx.xxx
1178,residential,1.0,11,17.xx.xxx
1179,requirements,1.0,12,17.xx.xxx
1180,maintain,1.0,8,17.xx.xxx
1181,approved,1.0,8,17.xx.xxx
1182,failure,1.0,7,17.xx.xxx
1183,window,1.0,6,17.xx.xxx
1184,commercial,1.0,10,17.xx.xxx
1185,comply,1.0,6,17.xx.xxx
1186,obtain,1.0,6,17.xx.xxx
1187,vehicle,1.0,7,17.xx.xxx
1188,on-premises,1.0,11,17.xx.xxx
1189,drugs,1.0,5,17.xx.xxx
1190,beer,12.0,4,57.xx.xxx
1191,supplier,11.0,8,57.xx.xxx
1192,transfer,9.0,8,57.xx.xxx
1193,permit,9.0,6,57.xx.xxx
1194,homemade,9.0,8,57.xx.xxx
1195,sales,7.0,5,57.xx.xxx
1196,wholesaler,7.0,10,57.xx.xxx
1197,require,5.0,7,57.xx.xxx
1198,improper,4.0,8,57.xx.xxx
1199,wholesale,4.0,9,57.xx.xxx
1200,vendor,4.0,6,57.xx.xxx
1201,consent,3.0,7,57.xx.xxx
1202,violations,3.0,10,57.xx.xxx
1203,bond,3.0,4,57.xx.xxx
1204,attire,3.0,6,57.xx.xxx
1205,sale,3.0,4,57.xx.xxx
1206,failure,3.0,7,57.xx.xxx
1207,written,3.0,7,57.xx.xxx
1208,required,3.0,8,57.xx.xxx
1209,under,3.0,5,57.xx.xxx
1210,hotel,2.0,5,57.xx.xxx
1211,coerce,2.0,6,57.xx.xxx
1212,cert,2.0,4,57.xx.xxx
1213,delay,2.0,5,57.xx.xxx
1214,only,2.0,4,57.xx.xxx
1215,past,2.0,4,57.xx.xxx
1216,delivery,2.0,8,57.xx.xxx
1217,location,2.0,8,57.xx.xxx
1218,employ,2.0,6,57.xx.xxx
1219,flavored,2.0,8,57.xx.xxx
1220,notice,2.0,6,57.xx.xxx
1221,retail,2.0,6,57.xx.xxx
1222,name,2.0,4,57.xx.xxx
1223,motel,2.0,5,57.xx.xxx
1224,minors,2.0,6,57.xx.xxx
1225,manufacturer,2.0,12,57.xx.xxx
1226,cannot,2.0,6,57.xx.xxx
1227,sign,2.0,4,57.xx.xxx
1228,without,2.0,7,57.xx.xxx
1229,suppler,2.0,7,57.xx.xxx
1230,agreement,2.0,9,57.xx.xxx
1231,revoke,2.0,6,57.xx.xxx
1232,termination,2.0,11,57.xx.xxx
1233,business,2.0,8,57.xx.xxx
1234,cancelled,1.0,9,57.xx.xxx
1235,excess,1.0,6,57.xx.xxx
1236,exceed,1.0,6,57.xx.xxx
1237,address,1.0,7,57.xx.xxx
1238,encourage,1.0,9,57.xx.xxx
1239,event,1.0,5,57.xx.xxx
1240,exhibition,1.0,10,57.xx.xxx
1241,advertising,1.0,11,57.xx.xxx
1242,employee,1.0,8,57.xx.xxx
1243,application,1.0,11,57.xx.xxx
1244,acts,1.0,4,57.xx.xxx
1245,facilities,1.0,10,57.xx.xxx
1246,action,1.0,6,57.xx.xxx
1247,false,1.0,5,57.xx.xxx
1248,fees,1.0,4,57.xx.xxx
1249,felony,1.0,6,57.xx.xxx
1250,"film,",1.0,5,57.xx.xxx
1251,financial,1.0,9,57.xx.xxx
1252,12-6,1.0,4,57.xx.xxx
1253,from,1.0,4,57.xx.xxx
1254,gallon,1.0,6,57.xx.xxx
1255,approval,1.0,8,57.xx.xxx
1256,authority,1.0,9,57.xx.xxx
1257,conviction,1.0,10,57.xx.xxx
1258,cancel,1.0,6,57.xx.xxx
1259,charity,1.0,7,57.xx.xxx
1260,churches,1.0,8,57.xx.xxx
1261,citizen,1.0,7,57.xx.xxx
1262,city,1.0,4,57.xx.xxx
1263,businesses,1.0,10,57.xx.xxx
1264,compensation,1.0,12,57.xx.xxx
1265,conditions,1.0,10,57.xx.xxx
1266,consumption,1.0,11,57.xx.xxx
1267,contest,1.0,7,57.xx.xxx
1268,contests,1.0,8,57.xx.xxx
1269,contraband,1.0,10,57.xx.xxx
1270,county,1.0,6,57.xx.xxx
1271,caterer,1.0,7,57.xx.xxx
1272,credit,1.0,6,57.xx.xxx
1273,brand,1.0,5,57.xx.xxx
1274,days,1.0,4,57.xx.xxx
1275,bonafide,1.0,8,57.xx.xxx
1276,beverage,1.0,8,57.xx.xxx
1277,between,1.0,7,57.xx.xxx
1278,depicting,1.0,9,57.xx.xxx
1279,devices,1.0,7,57.xx.xxx
1280,displayed,1.0,9,57.xx.xxx
1281,"dist,",1.0,5,57.xx.xxx
1282,distance,1.0,8,57.xx.xxx
1283,distributed,1.0,11,57.xx.xxx
1284,documentation,1.0,13,57.xx.xxx
1285,bankruptcy,1.0,10,57.xx.xxx
1286,clerk,1.0,5,57.xx.xxx
1287,loitering,1.0,9,57.xx.xxx
1288,identified,1.0,10,57.xx.xxx
1289,revocation,1.0,10,57.xx.xxx
1290,serve,1.0,5,57.xx.xxx
1291,seller,1.0,6,57.xx.xxx
1292,"sell,",1.0,5,57.xx.xxx
1293,"schools,",1.0,8,57.xx.xxx
1294,same,1.0,4,57.xx.xxx
1295,room,1.0,4,57.xx.xxx
1296,rider,1.0,5,57.xx.xxx
1297,revoked,1.0,7,57.xx.xxx
1298,return,1.0,6,57.xx.xxx
1299,indicating,1.0,10,57.xx.xxx
1300,retailatory,1.0,11,57.xx.xxx
1301,responsible,1.0,11,57.xx.xxx
1302,responsbile,1.0,11,57.xx.xxx
1303,resident,1.0,8,57.xx.xxx
1304,resale,1.0,6,57.xx.xxx
1305,requires,1.0,8,57.xx.xxx
1306,reproductions,1.0,13,57.xx.xxx
1307,simulate,1.0,8,57.xx.xxx
1308,single,1.0,6,57.xx.xxx
1309,site,1.0,4,57.xx.xxx
1310,special,1.0,7,57.xx.xxx
1311,within,1.0,6,57.xx.xxx
1312,withhold,1.0,8,57.xx.xxx
1313,which,1.0,5,57.xx.xxx
1314,valid,1.0,5,57.xx.xxx
1315,unreasonable,1.0,12,57.xx.xxx
1316,units,1.0,5,57.xx.xxx
1317,unauthorized,1.0,12,57.xx.xxx
1318,touch,1.0,5,57.xx.xxx
1319,threaten,1.0,8,57.xx.xxx
1320,suspended,1.0,9,57.xx.xxx
1321,stored,1.0,6,57.xx.xxx
1322,storage,1.0,7,57.xx.xxx
1323,statement,1.0,9,57.xx.xxx
1324,state,1.0,5,57.xx.xxx
1325,sports,1.0,6,57.xx.xxx
1326,reconsideration,1.0,15,57.xx.xxx
1327,purchase,1.0,8,57.xx.xxx
1328,product,1.0,7,57.xx.xxx
1329,near,1.0,4,57.xx.xxx
1330,months,1.0,6,57.xx.xxx
1331,minor,1.0,5,57.xx.xxx
1332,memoranda,1.0,9,57.xx.xxx
1333,manufacture,1.0,11,57.xx.xxx
1334,years,1.0,5,57.xx.xxx
1335,locked,1.0,6,57.xx.xxx
1336,liquor,1.0,6,57.xx.xxx
1337,limits,1.0,6,57.xx.xxx
1338,limit,1.0,5,57.xx.xxx
1339,legal,1.0,5,57.xx.xxx
1340,labeling,1.0,8,57.xx.xxx
1341,keys,1.0,4,57.xx.xxx
1342,kept,1.0,4,57.xx.xxx
1343,keeping,1.0,7,57.xx.xxx
1344,invoice,1.0,7,57.xx.xxx
1345,inspection,1.0,10,57.xx.xxx
1346,information,1.0,11,57.xx.xxx
1347,motions,1.0,7,57.xx.xxx
1348,privilege,1.0,9,57.xx.xxx
1349,onsale,1.0,6,57.xx.xxx
1350,previous,1.0,8,57.xx.xxx
1351,premise,1.0,7,57.xx.xxx
1352,posted,1.0,6,57.xx.xxx
1353,possession,1.0,10,57.xx.xxx
1354,political,1.0,9,57.xx.xxx
1355,"pics,",1.0,5,57.xx.xxx
1356,permitted,1.0,9,57.xx.xxx
1357,permits,1.0,7,57.xx.xxx
1358,percent,1.0,7,57.xx.xxx
1359,payment,1.0,7,57.xx.xxx
1360,ownership,1.0,9,57.xx.xxx
1361,owners,1.0,6,57.xx.xxx
1362,owner,1.0,5,57.xx.xxx
1363,outdoor,1.0,7,57.xx.xxx
1364,other,1.0,5,57.xx.xxx
1365,operating,1.0,9,57.xx.xxx
